{
  "teams": {
    "AFC Bournemouth": {
      "att": 1.0517777477355685,
      "def": 0.8764814564463072,
      "att_h": 0.7994817263872755,
      "def_h": 0.5561612009650612,
      "att_a": 1.3108378870673953,
      "def_a": 1.2045537340619308
    },
    "Arsenal FC": {
      "att": 1.22707403902483,
      "def": 0.5960073903834888,
      "att_h": 1.2166026271110715,
      "def_h": 0.5909212760253776,
      "att_a": 1.2399817850637522,
      "def_a": 0.6022768670309654
    },
    "Aston Villa FC": {
      "att": 1.0167184894777164,
      "def": 0.8940110855752332,
      "att_h": 1.1227504244482174,
      "def_h": 0.6604414261460102,
      "att_a": 0.8950244463618061,
      "def_a": 1.1560732432173328
    },
    "Brentford FC": {
      "att": 1.1744851516380515,
      "def": 1.0517777477355685,
      "att_h": 1.390403002412653,
      "def_h": 1.2166026271110715,
      "att_a": 0.9565573770491803,
      "def_a": 0.8857012750455373
    },
    "Brighton & Hove Albion FC": {
      "att": 1.1744851516380515,
      "def": 1.0517777477355685,
      "att_h": 1.0236842105263158,
      "def_h": 0.8915959252971138,
      "att_a": 1.342536669542709,
      "def_a": 1.2306586137474835
    },
    "Burnley FC": {
      "att": 1.0,
      "def": 2.0509666080843587,
      "att_h": 1.0,
      "def_h": 1.0,
      "att_a": 1.0,
      "def_a": 2.1256830601092895
    },
    "Chelsea FC": {
      "att": 1.121896264251273,
      "def": 0.7537740525438241,
      "att_h": 1.1557724957555178,
      "def_h": 0.5943972835314092,
      "att_a": 1.0814878726871824,
      "def_a": 0.9323171316268815
    },
    "Crystal Palace FC": {
      "att": 0.8940110855752332,
      "def": 0.8940110855752332,
      "att_h": 0.8342418014475917,
      "def_h": 0.9037619515682245,
      "att_a": 0.9565573770491803,
      "def_a": 0.8857012750455373
    },
    "Everton FC": {
      "att": 0.7556192766626585,
      "def": 0.7916011469799279,
      "att_h": 0.9037619515682245,
      "def_h": 0.7994817263872755,
      "att_a": 0.596682964241204,
      "def_a": 0.7831463905665804
    },
    "Fulham FC": {
      "att": 0.9641296020909379,
      "def": 0.9641296020909379,
      "att_h": 0.9385220266285408,
      "def_h": 1.0428022518094897,
      "att_a": 0.9919854280510018,
      "def_a": 0.8857012750455373
    },
    "Ipswich Town FC": {
      "att": 0.64767366571085,
      "def": 1.4752566830080476,
      "att_h": 0.48664105084442855,
      "def_h": 1.5294433026539185,
      "att_a": 0.8204390758316557,
      "def_a": 1.4171220400728597
    },
    "Leicester City FC": {
      "att": 0.593700860234946,
      "def": 1.439274812690778,
      "att_h": 0.5214011259047449,
      "def_h": 1.1818425520507552,
      "att_a": 0.6712683347713545,
      "def_a": 1.7154635221934618
    },
    "Liverpool FC": {
      "att": 1.5776666216033526,
      "def": 0.7537740525438241,
      "att_h": 1.5190152801358234,
      "def_h": 0.5943972835314092,
      "att_a": 1.6408781516633113,
      "def_a": 0.9323171316268815
    },
    "Manchester City FC": {
      "att": 1.3322518137983868,
      "def": 0.7713036816727502,
      "att_h": 1.494683227593602,
      "def_h": 0.7994817263872755,
      "att_a": 1.169125683060109,
      "def_a": 0.7439890710382514
    },
    "Manchester United FC": {
      "att": 0.7713036816727502,
      "def": 0.9641296020909379,
      "att_h": 0.7595076400679117,
      "def_h": 0.9576400679117147,
      "att_a": 0.7831463905665804,
      "def_a": 0.9696098168919567
    },
    "Newcastle United FC": {
      "att": 1.1920147807669776,
      "def": 0.8238925690595287,
      "att_h": 1.390403002412653,
      "def_h": 0.6952015012063265,
      "att_a": 0.9919854280510018,
      "def_a": 0.9565573770491803
    },
    "Nottingham Forest FC": {
      "att": 1.0693073768644947,
      "def": 0.8238925690595287,
      "att_h": 0.9576400679117147,
      "def_h": 0.5613752122241087,
      "att_a": 1.193365928482408,
      "def_a": 1.1187805579522576
    },
    "Southampton FC": {
      "att": 0.46776431412450287,
      "def": 1.5472204236425864,
      "att_h": 0.45188097578411224,
      "def_h": 1.6337235278348674,
      "att_a": 0.48480490844597834,
      "def_a": 1.4544147253379351
    },
    "Sunderland AFC": {
      "att": 2.0509666080843587,
      "def": 1.0,
      "att_h": 1.9813242784380305,
      "def_h": 1.0,
      "att_a": 1.0,
      "def_a": 1.0
    },
    "Tottenham Hotspur FC": {
      "att": 1.1744851516380515,
      "def": 1.1394258933801993,
      "att_h": 1.2548387096774194,
      "def_h": 1.1557724957555178,
      "att_a": 1.0814878726871824,
      "def_a": 1.1187805579522576
    },
    "West Ham United FC": {
      "att": 0.8063629399306026,
      "def": 1.1394258933801993,
      "att_h": 0.7994817263872755,
      "def_h": 1.1818425520507552,
      "att_a": 0.8148451730418943,
      "def_a": 1.0982695810564662
    },
    "Wolverhampton Wanderers FC": {
      "att": 0.9465999729620117,
      "def": 1.2796629264116084,
      "att_h": 0.8915959252971138,
      "def_h": 1.1887945670628184,
      "att_a": 1.006902502157032,
      "def_a": 1.3798293548077845
    }
  },
  "league_avg_gpg": 1.4627249357326477,
  "home_adv": 1.0728597449908925
}